<?xml version="1.0" encoding="UTF-8"?>
<project-private xmlns="http://www.netbeans.org/ns/project-private/1">
    <editor-bookmarks xmlns="http://www.netbeans.org/ns/editor-bookmarks/2" lastBookmarkId="0"/>
    <open-files xmlns="http://www.netbeans.org/ns/projectui-open-files/2">
        <group>
            <file>file:/C:/Users/harry/OneDrive/Documents/NetBeansProjects/ProyectoProgramacion5/src/controller/ControladorRevisiones.java</file>
            <file>file:/C:/Users/harry/OneDrive/Documents/NetBeansProjects/ProyectoProgramacion5/src/controller/ControladorCoche.java</file>
            <file>file:/C:/Users/harry/OneDrive/Documents/NetBeansProjects/ProyectoProgramacion5/src/view/j4.java</file>
            <file>file:/C:/Users/harry/OneDrive/Documents/NetBeansProjects/ProyectoProgramacion5/src/model/Revision.java</file>
            <file>file:/C:/Users/harry/OneDrive/Documents/NetBeansProjects/ProyectoProgramacion5/src/view/j1.java</file>
            <file>file:/C:/Users/harry/OneDrive/Documents/NetBeansProjects/ProyectoProgramacion5/src/view/j5.java</file>
            <file>file:/C:/Users/harry/OneDrive/Documents/NetBeansProjects/ProyectoProgramacion5/src/model/Coche.java</file>
            <file>file:/C:/Users/harry/OneDrive/Documents/NetBeansProjects/ProyectoProgramacion5/src/model/TablaModelo.java</file>
            <file>file:/C:/Users/harry/OneDrive/Documents/NetBeansProjects/ProyectoProgramacion5/src/view/vehiculo.jpg</file>
            <file>file:/C:/Users/harry/OneDrive/Documents/NetBeansProjects/ProyectoProgramacion5/src/controller/ControladorCLiente.java</file>
        </group>
    </open-files>
</project-private>
